/*
 Navicat Premium Data Transfer

 Source Server         : localhost
 Source Server Type    : MySQL
 Source Server Version : 50170
 Source Host           : localhost
 Source Database       : xyserver

 Target Server Type    : MySQL
 Target Server Version : 50170
 File Encoding         : utf-8

 Date: 07/14/2013 10:49:07 AM
*/

SET NAMES utf8;
SET FOREIGN_KEY_CHECKS = 0;

-- ----------------------------
--  Table structure for `account`
-- ----------------------------
DROP TABLE IF EXISTS `account`;
CREATE TABLE `account` (
  `id` int(4) unsigned zerofill NOT NULL AUTO_INCREMENT,
  `name` char(16) CHARACTER SET latin1 COLLATE latin1_bin NOT NULL DEFAULT '',
  `email` char(128) CHARACTER SET latin1 COLLATE latin1_bin NOT NULL DEFAULT '',
  `password` char(16) CHARACTER SET latin1 COLLATE latin1_bin NOT NULL DEFAULT '',
  `type` int(4) unsigned zerofill NOT NULL DEFAULT '0002',
  `creationtime` int(8) unsigned zerofill NOT NULL DEFAULT '20130125',
  `online` int(4) unsigned zerofill NOT NULL DEFAULT '0000',
  `licence` int(4) unsigned NOT NULL DEFAULT '0',
  `last_ip` char(15) DEFAULT '127.0.0.1',
  PRIMARY KEY (`id`),
  UNIQUE KEY `ix_name` (`name`)
) ENGINE=MyISAM AUTO_INCREMENT=2 DEFAULT CHARSET=latin1;

-- ----------------------------
--  Records of `account`
-- ----------------------------
BEGIN;
INSERT INTO `account` VALUES ('1', 'cptsky', 'cptsky@faith.net', '123456', '2', '20080920', '0', '0', '127.0.0.1');
COMMIT;

-- ----------------------------
--  Table structure for `levelexp`
-- ----------------------------
DROP TABLE IF EXISTS `levelexp`;
CREATE TABLE `levelexp` (
  `level` tinyint(3) unsigned NOT NULL AUTO_INCREMENT,
  `exp` int(10) unsigned NOT NULL DEFAULT '0',
  PRIMARY KEY (`level`)
) ENGINE=MyISAM AUTO_INCREMENT=120 DEFAULT CHARSET=latin1;

-- ----------------------------
--  Records of `levelexp`
-- ----------------------------
BEGIN;
INSERT INTO `levelexp` VALUES ('1', '447'), ('2', '1169'), ('3', '2818'), ('4', '4883'), ('5', '8730'), ('6', '14142'), ('7', '21219'), ('8', '30247'), ('9', '41551'), ('10', '60421'), ('11', '68444'), ('12', '79229'), ('13', '93355'), ('14', '105804'), ('15', '119094'), ('16', '159649'), ('17', '177503'), ('18', '196087'), ('19', '221279'), ('20', '252618'), ('21', '275496'), ('22', '304770'), ('23', '347994'), ('24', '387397'), ('25', '527087'), ('26', '580615'), ('27', '636431'), ('28', '694725'), ('29', '765100'), ('30', '850205'), ('31', '914523'), ('32', '993612'), ('33', '1089494'), ('34', '1186580'), ('35', '1287167'), ('36', '1391057'), ('37', '1498431'), ('38', '1609361'), ('39', '1736578'), ('40', '2360359'), ('41', '2504139'), ('42', '2678430'), ('43', '2886807'), ('44', '3090607'), ('45', '3300183'), ('46', '3515469'), ('47', '3736388'), ('48', '3963253'), ('49', '4215759'), ('50', '4514412'), ('51', '4740346'), ('52', '5012268'), ('53', '5335295'), ('54', '5643737'), ('55', '5959503'), ('56', '6282345'), ('57', '6612546'), ('58', '6949787'), ('59', '7318123'), ('60', '7751690'), ('61', '8078447'), ('62', '8470447'), ('63', '8933839'), ('64', '9343681'), ('65', '9761348'), ('66', '10187073'), ('67', '10620699'), ('68', '11062272'), ('69', '11511710'), ('70', '12046308'), ('71', '12434367'), ('72', '12907637'), ('73', '13471983'), ('74', '13962945'), ('75', '14461858'), ('76', '14968787'), ('77', '15483643'), ('78', '16006318'), ('79', '16537007'), ('80', '17172539'), ('81', '17621951'), ('82', '18176469'), ('83', '18841708'), ('84', '19447229'), ('85', '20061339'), ('86', '20684172'), ('87', '21315622'), ('88', '21955700'), ('89', '22674679'), ('90', '23522417'), ('91', '24142599'), ('92', '24891857'), ('93', '25777506'), ('94', '26586315'), ('95', '27406123'), ('96', '28236582'), ('97', '29077903'), ('98', '29930047'), ('99', '30831791'), ('100', '31930141'), ('101', '32749228'), ('102', '33726269'), ('103', '34870479'), ('104', '35915952'), ('105', '36974386'), ('106', '38045720'), ('107', '39130107'), ('108', '40227317'), ('109', '41380151'), ('110', '42724817'), ('111', '44160778'), ('112', '45445847'), ('113', '46848219'), ('114', '48121950'), ('115', '49410047'), ('116', '50712487'), ('117', '52075015'), ('118', '53498949'), ('119', '54938532');
COMMIT;

-- ----------------------------
--  Table structure for `map`
-- ----------------------------
DROP TABLE IF EXISTS `map`;
CREATE TABLE `map` (
  `id` int(4) unsigned NOT NULL DEFAULT '0',
  `name` char(15) CHARACTER SET latin1 COLLATE latin1_bin DEFAULT 'Î´ÃüÃû',
  `describe_text` char(127) CHARACTER SET latin1 COLLATE latin1_bin DEFAULT NULL,
  `doc_id` smallint(4) unsigned NOT NULL DEFAULT '0',
  `type` int(4) unsigned zerofill DEFAULT '0000',
  `weather` int(4) unsigned zerofill DEFAULT '0000',
  `bgmusic` int(4) unsigned zerofill DEFAULT '0000',
  `bgmusic_show` int(4) unsigned zerofill DEFAULT '0000',
  `portal_x` int(4) unsigned zerofill DEFAULT '0000',
  `portal_y` int(4) unsigned zerofill DEFAULT '0000',
  `reborn_map` int(4) unsigned zerofill DEFAULT '0000',
  `reborn_portal` int(4) unsigned zerofill DEFAULT '0000',
  `light` int(4) unsigned zerofill DEFAULT '4294967295',
  PRIMARY KEY (`id`)
) ENGINE=MyISAM DEFAULT CHARSET=latin1;

-- ----------------------------
--  Records of `map`
-- ----------------------------
BEGIN;
INSERT INTO `map` VALUES ('1003', 'BlazeDungeonF3', 'BlazeDungeonF3', '1003', '0', '0', '0', '0', '0', '0', '0', '0', '4294967295'), ('1000', 'AlbionPlain', 'AlbionPlain', '1000', '0', '0', '0', '0', '0', '0', '0', '0', '4294967295'), ('1001', 'BlazeDungeonF1', 'BlazeDungeonF1', '1001', '0', '0', '0', '0', '0', '0', '0', '0', '4294967295'), ('1002', 'BlazeDungeonF2', 'BlazeDungeonF2', '1002', '0', '0', '0', '0', '0', '0', '0', '0', '4294967295'), ('2000', 'OblionSnowfield', 'OblionSnowfield', '2000', '0', '0', '0', '0', '0', '0', '0', '0', '4294967295'), ('2001', 'IceDungeonF1', 'IceDungeonF1', '2001', '0', '0', '0', '0', '0', '0', '0', '0', '4294967295'), ('2002', 'IceDungeonF2', 'IceDungeonF2', '2002', '0', '0', '0', '0', '0', '0', '0', '0', '4294967295'), ('2003', 'IceDungeonF3', 'IceDungeonF3', '2003', '0', '0', '0', '0', '0', '0', '0', '0', '4294967295'), ('2010', 'NorthTowerF1', 'NorthTowerF1', '2010', '0', '0', '0', '0', '0', '0', '0', '0', '4294967295'), ('2011', 'NorthTowerOut', 'NorthTowerOut', '2011', '0', '0', '0', '0', '0', '0', '0', '0', '4294967295'), ('2012', 'NorthTowerF2', 'NorthTowerF2', '2012', '0', '0', '0', '0', '0', '0', '0', '0', '4294967295'), ('2013', 'NorthTowerOut', 'NorthTowerOut', '2013', '0', '0', '0', '0', '0', '0', '0', '0', '4294967295'), ('2014', 'NorthTowerF3', 'NorthTowerF3', '2014', '0', '0', '0', '0', '0', '0', '0', '0', '4294967295'), ('2015', 'NorthTowerInter', 'NorthTowerInterlayer', '2015', '0', '0', '0', '0', '0', '0', '0', '0', '4294967295'), ('2016', 'NorthTowerTop', 'NorthTowerTop', '2016', '0', '0', '0', '0', '0', '0', '0', '0', '4294967295'), ('3000', 'DeathMarsh', 'DeathMarsh', '3000', '0', '0', '0', '0', '0', '0', '0', '0', '4294967295'), ('3001', 'DarkDungeonF1', 'DarkDungeonF1', '3001', '0', '0', '0', '0', '0', '0', '0', '0', '4294967295'), ('3002', 'DarkDungeonF2', 'DarkDungeonF2', '3002', '0', '0', '0', '0', '0', '0', '0', '0', '4294967295'), ('3003', 'DarkDungeonF3', 'DarkDungeonF3', '3003', '0', '0', '0', '0', '0', '0', '0', '0', '4294967295'), ('3010', 'DragonTowerF1', 'DragonTowerF1', '3010', '0', '0', '0', '0', '0', '0', '0', '0', '4294967295'), ('3011', 'DragonTowerOut', 'DragonTowerOut', '3011', '0', '0', '0', '0', '0', '0', '0', '0', '4294967295'), ('3012', 'DragonTowerF2', 'DragonTowerF2', '3012', '0', '0', '0', '0', '0', '0', '0', '0', '4294967295'), ('3013', 'DragonTowerOut', 'DragonTowerOut', '3013', '0', '0', '0', '0', '0', '0', '0', '0', '4294967295'), ('3014', 'DragonTowerF3', 'DragonTowerF3', '3014', '0', '0', '0', '0', '0', '0', '0', '0', '4294967295'), ('3015', 'DragonTowerOut', 'DragonTowerOut', '3015', '0', '0', '0', '0', '0', '0', '0', '0', '4294967295'), ('3016', 'DragonTowerF4', 'DragonTowerF4', '3016', '0', '0', '0', '0', '0', '0', '0', '0', '4294967295'), ('3017', 'DragonTowerOut', 'DragonTowerOut', '3017', '0', '0', '0', '0', '0', '0', '0', '0', '4294967295'), ('3018', 'DragonTowerF5', 'DragonTowerF5', '3018', '0', '0', '0', '0', '0', '0', '0', '0', '4294967295'), ('3019', 'DragonTowerTop', 'DragonTowerTop', '3019', '0', '0', '0', '0', '0', '0', '0', '0', '4294967295'), ('6000', 'Church', 'Church', '6000', '0', '0', '0', '0', '0', '0', '0', '0', '4294967295');
COMMIT;

-- ----------------------------
--  Table structure for `monstertype`
-- ----------------------------
DROP TABLE IF EXISTS `monstertype`;
CREATE TABLE `monstertype` (
  `id` int(4) unsigned zerofill NOT NULL AUTO_INCREMENT,
  `name` varchar(15) CHARACTER SET latin1 COLLATE latin1_bin NOT NULL DEFAULT 'None',
  `type` tinyint(1) unsigned zerofill NOT NULL DEFAULT '0',
  `look` int(4) unsigned zerofill NOT NULL DEFAULT '0000',
  `level` tinyint(3) unsigned NOT NULL DEFAULT '0',
  `life` smallint(5) unsigned NOT NULL DEFAULT '0',
  `escape_life` smallint(5) unsigned NOT NULL DEFAULT '0',
  `attack_min` int(4) NOT NULL,
  `attack_max` int(4) NOT NULL DEFAULT '0',
  `defense` int(4) NOT NULL DEFAULT '0',
  `dexterity` tinyint(2) unsigned NOT NULL DEFAULT '0',
  `dodge` tinyint(2) unsigned NOT NULL DEFAULT '0',
  `view_range` tinyint(2) unsigned NOT NULL DEFAULT '5',
  `attack_speed` smallint(4) unsigned zerofill NOT NULL DEFAULT '1000',
  `move_speed` smallint(4) unsigned zerofill NOT NULL DEFAULT '0500',
  `defy` tinyint(1) unsigned NOT NULL DEFAULT '0',
  PRIMARY KEY (`id`)
) ENGINE=MyISAM AUTO_INCREMENT=1013 DEFAULT CHARSET=latin1;

-- ----------------------------
--  Records of `monstertype`
-- ----------------------------
BEGIN;
INSERT INTO `monstertype` VALUES ('1', 'Hound', '0', '123', '1', '100', '0', '2', '3', '0', '0', '0', '5', '1000', '500', '0'), ('2', 'Bull', '0', '103', '4', '266', '0', '8', '12', '0', '0', '0', '5', '1000', '500', '0'), ('3', 'Wolf', '0', '102', '7', '400', '0', '25', '30', '0', '0', '0', '5', '1000', '500', '0'), ('4', 'Boar', '0', '113', '10', '564', '0', '30', '36', '0', '0', '0', '5', '1000', '500', '0'), ('5', 'Tiger', '0', '106', '13', '760', '0', '40', '43', '0', '0', '0', '5', '1000', '500', '0'), ('6', 'BloodyTiger', '0', '107', '16', '968', '0', '54', '82', '0', '0', '0', '5', '1000', '500', '0'), ('7', 'Pan', '0', '112', '19', '1258', '0', '59', '89', '0', '0', '0', '5', '1000', '500', '0'), ('8', 'Rat', '0', '110', '24', '1638', '0', '72', '108', '0', '0', '0', '5', '1000', '500', '0'), ('9', 'Bear', '0', '111', '29', '2055', '0', '85', '127', '0', '0', '0', '5', '1000', '500', '0'), ('10', 'Werewolf', '0', '108', '34', '2520', '0', '93', '139', '0', '0', '0', '5', '1000', '500', '0'), ('11', 'WildWerewolf', '0', '108', '39', '3021', '0', '109', '163', '0', '0', '0', '5', '1000', '500', '0'), ('12', 'Penguin', '0', '124', '44', '3570', '0', '118', '178', '0', '0', '0', '5', '1000', '500', '0'), ('13', 'SnowWolf', '0', '128', '49', '4113', '0', '127', '191', '0', '0', '0', '5', '1000', '500', '0'), ('14', 'KodiakBear', '0', '107', '53', '4674', '0', '139', '209', '0', '0', '0', '5', '1000', '500', '0'), ('15', 'SnowWerewolf', '0', '127', '57', '5250', '0', '150', '224', '0', '0', '0', '5', '1000', '500', '0'), ('16', 'SnowLeopard', '0', '126', '61', '5859', '0', '154', '232', '0', '0', '0', '5', '1000', '500', '0'), ('17', 'FrostGiant', '0', '125', '65', '6512', '0', '163', '245', '0', '0', '0', '5', '1000', '500', '0'), ('18', 'Guard', '0', '0', '120', '50000', '0', '0', '0', '100', '0', '0', '5', '1000', '500', '0'), ('19', 'Orc', '0', '100', '24', '998', '0', '95', '116', '48', '0', '0', '5', '1000', '500', '0'), ('20', 'Spider', '0', '115', '24', '1186', '0', '95', '116', '24', '0', '0', '5', '1000', '500', '0'), ('21', 'OrcBoss', '0', '101', '24', '3328', '0', '165', '202', '64', '0', '0', '5', '1000', '500', '0'), ('22', 'AberrantSpider', '0', '115', '34', '1400', '0', '128', '158', '63', '0', '0', '5', '1000', '500', '0'), ('23', 'Cerberus', '0', '113', '34', '2218', '0', '128', '158', '31', '0', '0', '5', '1000', '500', '0'), ('24', 'BoneDemon', '0', '134', '34', '4700', '0', '224', '274', '83', '0', '0', '5', '1000', '500', '0'), ('25', 'GhostSpider', '0', '116', '38', '1680', '0', '145', '177', '70', '0', '0', '5', '1000', '500', '0'), ('26', 'Chimera', '0', '120', '38', '2664', '0', '145', '177', '70', '0', '0', '5', '1000', '500', '0'), ('27', 'VileCaster', '0', '105', '38', '1260', '0', '111', '111', '35', '0', '0', '5', '1000', '500', '0'), ('28', 'HorrorDemon', '0', '119', '38', '747', '0', '145', '177', '47', '0', '0', '5', '1000', '500', '0'), ('29', 'LesserDragon', '0', '121', '38', '5600', '0', '245', '300', '93', '0', '0', '5', '1000', '500', '0'), ('30', 'ChimeraBoss', '0', '120', '38', '5600', '0', '245', '300', '93', '0', '0', '5', '1000', '500', '0'), ('31', 'RockGolem', '0', '129', '51', '2750', '0', '185', '225', '48', '0', '0', '5', '1000', '500', '0'), ('32', 'Hawkman', '0', '130', '51', '3672', '0', '185', '225', '48', '0', '0', '5', '1000', '500', '0'), ('33', 'IceQueen', '0', '133', '51', '9168', '0', '318', '389', '48', '0', '0', '5', '1000', '500', '0'), ('34', 'Skeleton', '0', '134', '57', '3552', '0', '213', '260', '48', '0', '0', '5', '1000', '500', '0'), ('35', 'FleshGolem', '0', '135', '57', '4256', '0', '213', '260', '48', '0', '0', '5', '1000', '500', '0'), ('36', 'SnowQueen', '0', '132', '57', '11840', '0', '357', '436', '48', '0', '0', '5', '1000', '500', '0'), ('37', 'TowerGuard', '0', '140', '57', '3552', '0', '213', '260', '48', '0', '0', '5', '1000', '500', '0'), ('38', 'Ghost', '0', '141', '57', '4256', '0', '213', '260', '48', '0', '0', '5', '1000', '500', '0'), ('39', 'IceQueen', '0', '133', '57', '11840', '0', '357', '436', '48', '0', '0', '5', '1000', '500', '0'), ('40', 'CorpseKing', '0', '0', '64', '4250', '0', '0', '0', '126', '0', '0', '5', '1000', '500', '0'), ('41', 'CorpseGobelin', '0', '0', '64', '5410', '0', '0', '0', '63', '0', '0', '5', '1000', '500', '0'), ('42', 'AncientWizard', '0', '0', '64', '1890', '0', '0', '0', '63', '0', '0', '5', '1000', '500', '0'), ('43', 'Drake', '0', '0', '64', '14168', '0', '0', '0', '169', '0', '0', '5', '1000', '500', '0'), ('44', 'AncientWizard', '0', '140', '64', '1890', '0', '156', '190', '156', '0', '0', '5', '1000', '500', '0'), ('45', 'Lich', '0', '137', '64', '5410', '0', '182', '231', '182', '0', '0', '5', '1000', '500', '0'), ('46', 'LichLord', '0', '136', '64', '4250', '0', '227', '272', '224', '0', '0', '5', '1000', '500', '0'), ('47', 'FireDragon', '0', '138', '64', '14168', '0', '395', '483', '169', '0', '0', '5', '1000', '500', '0'), ('48', 'Beetle', '0', '160', '73', '8614', '0', '264', '323', '-1', '0', '0', '5', '1000', '500', '0'), ('49', 'Scorpion', '0', '166', '73', '8614', '0', '214', '273', '-1', '0', '0', '5', '1000', '500', '0'), ('50', 'Savage', '0', '167', '73', '8614', '0', '264', '323', '-1', '0', '0', '5', '1000', '500', '0'), ('51', 'GhostLord', '0', '168', '73', '10658', '0', '214', '273', '-1', '0', '0', '5', '1000', '500', '0'), ('52', 'StoneGolem', '0', '164', '77', '9828', '0', '273', '334', '-1', '0', '0', '5', '1000', '500', '0'), ('53', 'Cyclops', '0', '157', '78', '9828', '0', '264', '323', '-1', '0', '0', '5', '1000', '500', '0'), ('54', 'WraithWatcher', '0', '156', '78', '24570', '0', '449', '549', '-1', '0', '0', '5', '1000', '500', '0'), ('55', 'CarrionBird', '0', '152', '69', '7188', '0', '178', '268', '-1', '0', '0', '5', '1000', '500', '0'), ('56', 'Zombie', '0', '150', '73', '7920', '0', '186', '278', '-1', '0', '0', '5', '1000', '500', '0'), ('57', 'Wraith', '0', '154', '77', '8663', '0', '190', '286', '-1', '0', '0', '5', '1000', '500', '0'), ('58', 'LizzardMan', '0', '153', '81', '9438', '0', '200', '300', '-1', '0', '0', '5', '1000', '500', '0'), ('59', 'ZombieSoldier', '0', '151', '85', '10206', '0', '213', '319', '-1', '0', '0', '5', '1000', '500', '0'), ('60', 'Scavenger', '0', '162', '78', '9828', '0', '273', '334', '-1', '0', '0', '5', '1000', '500', '0'), ('61', 'Ghoul', '0', '163', '78', '12137', '0', '223', '284', '-1', '0', '0', '5', '1000', '500', '0'), ('62', 'Ogre', '0', '165', '82', '10463', '0', '281', '343', '-1', '0', '0', '5', '1000', '500', '0'), ('63', 'LizzardMagus', '0', '166', '82', '7088', '0', '223', '284', '-1', '0', '0', '5', '1000', '500', '0'), ('64', 'Picaroon', '0', '158', '82', '10463', '0', '281', '343', '-1', '0', '0', '5', '1000', '500', '0'), ('65', 'HellLord', '0', '161', '82', '7088', '0', '223', '284', '-1', '0', '0', '5', '1000', '500', '0'), ('66', 'Dinosaur', '0', '159', '82', '26158', '0', '491', '600', '-1', '0', '0', '5', '1000', '500', '0'), ('1000', 'BigBeholder', '0', '170', '89', '11183', '0', '230', '335', '-1', '0', '0', '5', '1000', '500', '0'), ('1001', 'GhostBird', '0', '171', '93', '12224', '0', '236', '345', '-1', '0', '0', '5', '1000', '500', '0'), ('1002', 'Wasp', '0', '172', '97', '13268', '0', '245', '360', '-1', '0', '0', '5', '1000', '500', '0'), ('1003', 'FineDeadWood', '0', '173', '101', '14379', '0', '250', '376', '-1', '0', '0', '5', '1000', '500', '0'), ('1004', 'Ant', '0', '174', '105', '15555', '0', '255', '383', '-1', '0', '0', '5', '1000', '500', '0'), ('1005', 'FeiHuTailBoa', '0', '175', '109', '16753', '0', '262', '394', '-1', '0', '0', '5', '1000', '500', '0'), ('1006', 'Garygole', '0', '176', '113', '18188', '0', '276', '414', '-1', '0', '0', '5', '1000', '500', '0'), ('1007', 'Harpies', '0', '177', '117', '19799', '0', '282', '422', '-1', '0', '0', '5', '1000', '500', '0'), ('1008', 'Chesterton', '0', '178', '93', '18336', '0', '236', '345', '220', '0', '0', '5', '1000', '500', '0'), ('1009', 'Barocco', '0', '179', '101', '21569', '0', '236', '345', '120', '0', '0', '5', '1000', '500', '0'), ('1010', 'HeadlessHorsema', '0', '195', '109', '25130', '0', '262', '394', '260', '0', '0', '5', '1000', '500', '0'), ('1011', 'ConfusionSwords', '0', '196', '117', '29699', '0', '282', '422', '180', '0', '0', '5', '1000', '500', '0'), ('1012', 'Death', '0', '198', '255', '65535', '0', '1250', '2000', '5000', '0', '0', '5', '1000', '500', '0');
COMMIT;

-- ----------------------------
--  Table structure for `npc`
-- ----------------------------
DROP TABLE IF EXISTS `npc`;
CREATE TABLE `npc` (
  `id` int(4) unsigned zerofill NOT NULL DEFAULT '0000',
  `name` char(15) CHARACTER SET latin1 COLLATE latin1_bin DEFAULT 'Unnamed',
  `type` int(4) unsigned zerofill DEFAULT '0002',
  `lookface` int(4) unsigned zerofill DEFAULT '0000',
  `mapid` int(4) unsigned zerofill DEFAULT '0000',
  `cellx` int(4) unsigned zerofill DEFAULT '0000',
  `celly` int(4) unsigned zerofill DEFAULT '0000',
  `life` smallint(2) unsigned zerofill NOT NULL DEFAULT '00',
  `maxlife` smallint(2) unsigned zerofill NOT NULL DEFAULT '00',
  `base` int(4) unsigned zerofill NOT NULL DEFAULT '0000',
  `sort` smallint(2) unsigned zerofill NOT NULL DEFAULT '00',
  PRIMARY KEY (`id`)
) ENGINE=MyISAM DEFAULT CHARSET=latin1;

-- ----------------------------
--  Records of `npc`
-- ----------------------------
BEGIN;
INSERT INTO `npc` VALUES ('1001', '×°±¸µêÀÏ°å', '1', '0', '0', '0', '0', '0', '0', '0', '0'), ('1002', 'Ä§·¨ÉÌµêÅ®Î×', '1', '0', '0', '0', '0', '0', '0', '0', '0'), ('1004', 'Ìú½³ ÌµêÅ®Î×', '1', '0', '0', '0', '0', '0', '0', '0', '0'), ('1003', 'Ê×ÊÎµêÀÏ°å ×', '1', '0', '0', '0', '0', '0', '0', '0', '0'), ('2002', 'Ä§·¨ÉÌµêÀÏ°å', '1', '0', '0', '0', '0', '0', '0', '0', '0'), ('2004', 'Á÷ÀËÉÌÈË Ï°å', '1', '0', '0', '0', '0', '0', '0', '0', '0'), ('1', 'FrontSentinel', '2', '90', '1000', '610', '533', '0', '0', '0', '0'), ('2', 'MerchantZesu', '2', '390', '1000', '604', '517', '0', '0', '0', '0'), ('3', 'Holt', '2', '340', '1000', '200', '250', '0', '0', '0', '0'), ('4', 'CoachYaka', '2', '900', '1000', '210', '592', '0', '0', '0', '0'), ('5', 'Toke', '2', '360', '1000', '877', '1137', '0', '0', '0', '0'), ('6', 'TutorAdissan', '2', '910', '1000', '662', '427', '0', '0', '0', '0'), ('8', 'Jit', '2', '0', '1000', '1068', '820', '0', '0', '0', '0'), ('9', 'Lacheure', '2', '0', '1000', '1079', '813', '0', '0', '0', '0'), ('10', 'Aaron', '2', '9000', '1000', '869', '501', '0', '0', '0', '0'), ('11', 'Nuytten', '2', '350', '1000', '620', '89', '0', '0', '0', '0'), ('12', 'SnowfieldGuard', '2', '110', '1000', '438', '12', '0', '0', '0', '0'), ('13', 'Chris', '2', '0', '1000', '620', '766', '0', '0', '0', '0'), ('14', 'Aowa', '2', '500', '1000', '613', '766', '0', '0', '0', '0'), ('15', 'Malasi', '2', '320', '1000', '599', '763', '0', '0', '0', '0'), ('16', 'Eugene', '2', '330', '1000', '593', '783', '0', '0', '0', '0'), ('17', 'Sartre', '2', '0', '1000', '583', '783', '0', '0', '0', '0'), ('18', 'Deira', '2', '50', '1000', '557', '789', '0', '0', '0', '0'), ('19', 'Anvika', '2', '700', '1000', '534', '770', '0', '0', '0', '0'), ('20', 'Meyer', '2', '40', '1000', '531', '783', '0', '0', '0', '0'), ('21', 'Kalin', '2', '300', '1000', '523', '784', '0', '0', '0', '0'), ('22', 'Raikko', '2', '80', '1000', '581', '806', '0', '0', '0', '0'), ('24', 'Zela', '2', '280', '1000', '538', '795', '0', '0', '0', '0'), ('25', 'Flamen', '2', '270', '1000', '520', '817', '0', '0', '0', '0'), ('26', 'Harles', '2', '0', '1000', '520', '824', '0', '0', '0', '0'), ('27', 'Ezeya', '2', '60', '1000', '534', '851', '0', '0', '0', '0'), ('28', 'Mulak', '2', '370', '1000', '503', '831', '0', '0', '0', '0'), ('29', 'Tortois', '2', '10', '1000', '534', '851', '0', '0', '0', '0'), ('30', 'Elin', '2', '30', '1000', '519', '871', '0', '0', '0', '0'), ('31', 'Legion Manager', '2', '120', '1000', '520', '876', '0', '0', '0', '0'), ('32', 'Appraiser', '2', '70', '1000', '563', '869', '0', '0', '0', '0'), ('33', 'HairstylistSpie', '2', '0', '1000', '561', '860', '0', '0', '0', '0'), ('34', 'Vita', '2', '310', '1000', '613', '766', '0', '0', '0', '0'), ('35', 'Fleirin', '2', '380', '1000', '574', '786', '0', '0', '0', '0'), ('36', 'Emily', '2', '0', '1000', '576', '819', '0', '0', '0', '0'), ('37', 'Ken', '2', '0', '1000', '591', '854', '0', '0', '0', '0'), ('38', 'Framill', '2', '0', '1000', '591', '866', '0', '0', '0', '0'), ('39', 'RealmMessenger', '2', '0', '1000', '611', '834', '0', '0', '0', '0'), ('40', 'Appraiser', '2', '240', '2000', '598', '797', '0', '0', '0', '0'), ('41', 'Slice', '2', '0', '2000', '640', '804', '0', '0', '0', '0'), ('42', 'Hardar', '2', '290', '2000', '666', '789', '0', '0', '0', '0'), ('43', 'Grindwald', '2', '250', '2000', '587', '774', '0', '0', '0', '0'), ('44', 'Heimler', '2', '160', '2000', '600', '768', '0', '0', '0', '0'), ('45', 'Herroka', '2', '0', '2000', '590', '727', '0', '0', '0', '0'), ('46', 'Nash', '2', '510', '2000', '627', '730', '0', '0', '0', '0'), ('47', 'Oresi', '2', '260', '2000', '611', '721', '0', '0', '0', '0'), ('48', 'Richard', '2', '0', '2000', '594', '809', '0', '0', '0', '0'), ('49', 'TutorPolino', '2', '0', '2000', '638', '723', '0', '0', '0', '0'), ('50', 'Libya', '2', '0', '2000', '594', '731', '0', '0', '0', '0'), ('51', 'Rane', '2', '0', '2000', '609', '788', '0', '0', '0', '0'), ('52', 'Veronica', '2', '0', '2000', '597', '788', '0', '0', '0', '0'), ('53', 'Oid', '2', '0', '2000', '922', '1142', '0', '0', '0', '0'), ('54', 'Marget', '2', '0', '2000', '1230', '862', '0', '0', '0', '0'), ('55', 'TutorFedaly', '2', '0', '2000', '643', '328', '0', '0', '0', '0'), ('56', 'Piero', '2', '0', '2000', '357', '309', '0', '0', '0', '0'), ('57', 'Io', '2', '0', '2000', '37', '331', '0', '0', '0', '0'), ('58', 'Euro', '2', '0', '2000', '411', '727', '0', '0', '0', '0'), ('59', 'Zahn', '2', '0', '3000', '590', '730', '0', '0', '0', '0'), ('60', 'Hodges', '2', '0', '3000', '199', '423', '0', '0', '0', '0'), ('61', 'Klein', '2', '0', '3000', '221', '417', '0', '0', '0', '0'), ('62', 'Appraiser', '2', '70', '3000', '235', '428', '0', '0', '0', '0'), ('63', 'Gray', '2', '0', '3000', '195', '465', '0', '0', '0', '0'), ('64', 'Andrew', '2', '0', '3000', '263', '420', '0', '0', '0', '0'), ('65', 'TutorDaniel', '2', '0', '3000', '224', '516', '0', '0', '0', '0'), ('66', 'Rick', '2', '0', '3000', '155', '384', '0', '0', '0', '0'), ('67', 'TutorCuthbert', '2', '0', '3000', '201', '165', '0', '0', '0', '0');
COMMIT;

-- ----------------------------
--  Table structure for `user`
-- ----------------------------
DROP TABLE IF EXISTS `user`;
CREATE TABLE `user` (
  `account_id` int(4) unsigned DEFAULT '0',
  `id` int(10) unsigned NOT NULL AUTO_INCREMENT,
  `name` varchar(15) CHARACTER SET latin1 COLLATE latin1_general_cs NOT NULL DEFAULT 'Unknown',
  `mate` varchar(15) CHARACTER SET latin1 COLLATE latin1_general_cs DEFAULT 'None',
  `lookface` int(7) unsigned NOT NULL,
  `hair` smallint(3) unsigned NOT NULL,
  `money` int(4) unsigned DEFAULT '1000',
  `money_saved` int(4) unsigned DEFAULT '0',
  `level` tinyint(3) unsigned DEFAULT '1',
  `exp` int(10) unsigned DEFAULT '0',
  `strength` smallint(3) unsigned NOT NULL DEFAULT '0',
  `speed` smallint(3) unsigned NOT NULL DEFAULT '0',
  `health` smallint(3) unsigned NOT NULL DEFAULT '0',
  `soul` smallint(3) unsigned NOT NULL DEFAULT '0',
  `add_points` smallint(3) unsigned DEFAULT '0',
  `auto_allot` tinyint(1) unsigned DEFAULT '1',
  `life` smallint(5) unsigned NOT NULL DEFAULT '1',
  `mana` smallint(5) unsigned NOT NULL DEFAULT '0',
  `profession` tinyint(2) unsigned NOT NULL DEFAULT '0',
  `pk` smallint(5) DEFAULT '0',
  `virtue` int(4) unsigned DEFAULT '0',
  `nobility` tinyint(1) unsigned DEFAULT '0',
  `medal` int(4) unsigned DEFAULT '0',
  `medal_select` int(4) unsigned DEFAULT '0',
  `metempsychosis` tinyint(1) unsigned DEFAULT '0',
  `syndicate_id` smallint(4) unsigned DEFAULT '0',
  `record_map` smallint(4) unsigned DEFAULT '1000',
  `record_x` smallint(4) unsigned DEFAULT '400',
  `record_y` smallint(4) unsigned DEFAULT '400',
  `last_login` bigint(8) unsigned DEFAULT '0',
  PRIMARY KEY (`id`),
  UNIQUE KEY `index_name` (`name`) USING BTREE,
  KEY `index_account` (`account_id`) USING BTREE
) ENGINE=MyISAM AUTO_INCREMENT=1000002 DEFAULT CHARSET=latin1 COLLATE=latin1_general_ci;

-- ----------------------------
--  Records of `user`
-- ----------------------------
BEGIN;
INSERT INTO `user` VALUES ('1', '1000001', 'CptSky[PM]', 'None', '1010005', '101', '1000', '0', '1', '0', '5', '7', '9', '11', '3', '1', '150', '100', '10', '30', '0', '0', '0', '0', '0', '0', '1000', '400', '400', '0');
COMMIT;

SET FOREIGN_KEY_CHECKS = 1;
